"generator_index","generator_sample_index","bic_diff_mean","bic_a1_mean","bic_a2_mean","p_diffs_mean","p_a1_mean","p_a2_mean","nknots_a1_mean","nknots_a2_mean","nknots_diff_mean","n_mean","m_mean","bic_diff_median","bic_a1_median","bic_a2_median","p_diffs_median","p_a1_median","p_a2_median","nknots_a1_median","nknots_a2_median","nknots_diff_median","n_median","m_median","bic_diff_sd","bic_a1_sd","bic_a2_sd","p_diffs_sd","p_a1_sd","p_a2_sd","nknots_a1_sd","nknots_a2_sd","nknots_diff_sd","n_sd","m_sd"
"1","1",0.607445383057511,-418.656912728784,-419.264358111841,-1.29043149037515e-05,0.0003083306755896,0.000321234990493352,2.17,1.97,0.2,250,2000,1.13686837721616e-13,-420.148741336507,-421.067777423609,-3.88957529379175e-18,0.000269606681463789,0.000271489736535976,2,2,0,250,2000,1.47905367065889,22.6519769572984,22.5311690777723,0.000100096841778032,0.00014230346309075,0.000173941109793955,0.513553671720273,0.331966896244219,0.449466574975495,0,0
"2","1",13.0819022698547,-398.831094113335,-411.912996383189,0.000358609751583508,0.000887250975381128,0.00052864122379762,3.46,3.04,0.42,250,2000,11.7353106457029,-397.498358319859,-411.063142413071,0.00031083331095818,0.000793287558172571,0.00049253978800222,4,3,1,250,2000,11.8191157995004,21.1855814154224,20.3342987872222,0.000398310081245813,0.000419746121229809,0.000277961210853653,0.881000349694378,0.6654534415181,0.698916911002194,0,0
"3","1",27.5888301848064,-378.584170916316,-406.173001101123,0.000990294051769295,0.00181105430804233,0.000820760256273039,3.2,2.82,0.38,250,2000,27.3065524705656,-379.327636844857,-404.617529709728,0.00102943120175534,0.00176297005363652,0.00074735134447369,4,3,1,250,2000,23.6260434596005,27.0310512754314,21.2508837652634,0.000924492246152352,0.000910513355039601,0.000369111837033664,0.984731927834662,0.575246982529323,0.788554488807325,0,0
"4","1",402.119784144455,86.4652218917053,-315.654562252749,0.0582579800626896,0.0641811370450476,0.005923156982358,3.89,3.82,0.07,250,2000,418.619388925023,107.601861981307,-344.663016907914,0.0599566213066396,0.0665278239331214,0.0028634866009517,4,4,0,250,2000,102.04611745894,80.337690410424,88.599727726706,0.0173774971899009,0.0176746982247271,0.00649358169376237,0.447100648511037,0.386122919665369,0.590411600991934,0,0
